{
  "project_info": {
    "project_number": "620392838063",
    "project_id": "test-2fbb4",
    "storage_bucket": "test-2fbb4.appspot.com"
  },
  "client": [
    {
      "client_info": {
        "mobilesdk_app_id": "1:620392838063:android:407130f73e00b10ef3b55a",
        "android_client_info": {
          "package_name": "com.example.chatter_app"
        }
      },
      "oauth_client": [],
      "api_key": [
        {
          "current_key": "AIzaSyDbFBy_0YQpVCb2UtxH1-Z0uV5wrup9jB8"
        }
      ],
      "services": {
        "appinvite_service": {
          "other_platform_oauth_client": []
        }
      }
    },
    {
      "client_info": {
        "mobilesdk_app_id": "1:620392838063:android:21333b059f924bd2f3b55a",
        "android_client_info": {
          "package_name": "com.example.module_6"
        }
      },
      "oauth_client": [],
      "api_key": [
        {
          "current_key": "AIzaSyDbFBy_0YQpVCb2UtxH1-Z0uV5wrup9jB8"
        }
      ],
      "services": {
        "appinvite_service": {
          "other_platform_oauth_client": []
        }
      }
    },
    {
      "client_info": {
        "mobilesdk_app_id": "1:620392838063:android:8ec33033f8dfd8a9f3b55a",
        "android_client_info": {
          "package_name": "com.example.project"
        }
      },
      "oauth_client": [],
      "api_key": [
        {
          "current_key": "AIzaSyDbFBy_0YQpVCb2UtxH1-Z0uV5wrup9jB8"
        }
      ],
      "services": {
        "appinvite_service": {
          "other_platform_oauth_client": []
        }
      }
    },
    {
      "client_info": {
        "mobilesdk_app_id": "1:620392838063:android:bc394639d7ee686bf3b55a",
        "android_client_info": {
          "package_name": "com.example.task"
        }
      },
      "oauth_client": [],
      "api_key": [
        {
          "current_key": "AIzaSyDbFBy_0YQpVCb2UtxH1-Z0uV5wrup9jB8"
        }
      ],
      "services": {
        "appinvite_service": {
          "other_platform_oauth_client": []
        }
      }
    },
    {
      "client_info": {
        "mobilesdk_app_id": "1:620392838063:android:50c897d739c09f56f3b55a",
        "android_client_info": {
          "package_name": "com.example.travel_assessment"
        }
      },
      "oauth_client": [],
      "api_key": [
        {
          "current_key": "AIzaSyDbFBy_0YQpVCb2UtxH1-Z0uV5wrup9jB8"
        }
      ],
      "services": {
        "appinvite_service": {
          "other_platform_oauth_client": []
        }
      }
    }
  ],
  "configuration_version": "1"
}