{
  "project_info": {
    "project_number": "956042823125",
    "project_id": "fir-task1-5f219",
    "storage_bucket": "fir-task1-5f219.appspot.com"
  },
  "client": [
    {
      "client_info": {
        "mobilesdk_app_id": "1:956042823125:android:4198742aafe2db22bf295c",
        "android_client_info": {
          "package_name": "com.example.travel_guidance"
        }
      },
      "oauth_client": [
        {
          "client_id": "956042823125-q89360rp6o3bvqhmsarqpu71m5g2lt58.apps.googleusercontent.com",
          "client_type": 1,
          "android_info": {
            "package_name": "com.example.travel_guidance",
            "certificate_hash": "a72d7abe68fc7d8a39997c98465cedf27a84ff37"
          }
        },
        {
          "client_id": "956042823125-udrv4k93c9d709msjg5henssl8t62gpd.apps.googleusercontent.com",
          "client_type": 1,
          "android_info": {
            "package_name": "com.example.travel_guidance",
            "certificate_hash": "bd3f9cb3816921e73d3621cbbef43c2be971b1af"
          }
        },
        {
          "client_id": "956042823125-sgkufpbpqbqdtmm7hfsep95tpfhm7947.apps.googleusercontent.com",
          "client_type": 3
        }
      ],
      "api_key": [
        {
          "current_key": "AIzaSyB2qHlnF7WC8xGCoSjuu8SfXdaO1TsYKqE"
        }
      ],
      "services": {
        "appinvite_service": {
          "other_platform_oauth_client": [
            {
              "client_id": "956042823125-sgkufpbpqbqdtmm7hfsep95tpfhm7947.apps.googleusercontent.com",
              "client_type": 3
            }
          ]
        }
      }
    }
  ],
  "configuration_version": "1"
}